Feature_Category,Innovation_Level,Technical_Implementation,Business_Impact
Multi-Modal Intelligence,Revolutionary,"Fusion of text, image, sensor, genomic data using attention mechanisms",50% improvement in diagnostic accuracy
Federated Learning,Cutting-Edge,Decentralized training across 1000+ hospitals without data sharing,Enable collaborative research without privacy risks
Real-Time Edge AI,State-of-Art,Sub-millisecond inference on edge devices with specialized chips,Instant clinical decision support at point of care
Transformer Architecture,Advanced,128k context window for complete patient history processing,Comprehensive patient context for every decision
Graph Neural Networks,Breakthrough,Knowledge graphs modeling 10M+ medical relationships,Discover hidden medical patterns and correlations
Computer Vision,Superior,"Real-time analysis of X-rays, MRIs, CT scans with 99.5% accuracy",Reduce imaging interpretation time by 80%
Natural Language Processing,Advanced,Processing 50+ languages including medical terminology extraction,Eliminate language barriers in global healthcare
Reinforcement Learning,Intelligent,Continuous optimization of treatment protocols based on outcomes,Continuously improve treatment outcomes
Predictive Analytics,Predictive,Predict health events 6+ months in advance with 95% accuracy,Prevent 70% of adverse health events through early detection
Anomaly Detection,Proactive,Detect rare diseases and adverse drug reactions in real-time,Reduce diagnostic errors by 90% through AI assistance
Population Health,Population-Scale,Analyze population trends across 100M+ patients,Enable precision public health interventions
Personalized Medicine,Hyper-Personalized,Generate personalized treatment plans based on genomic + clinical data,Increase treatment effectiveness by 60%
Clinical Decision Support,Evidence-Based,Evidence-based recommendations with confidence scores,Reduce medical errors by 85%
Drug Discovery,Accelerated,Accelerate drug discovery by 10x using AI-generated molecular structures,Accelerate life-saving drug development
Microservices Architecture,Cloud-Native,500+ independent microservices with auto-healing capabilities,99.99% uptime with automatic failover
Event-Driven Processing,Event-Driven,Event streaming processing 10M+ events/second,Handle sudden demand spikes without performance impact
Auto-Scaling,Auto-Adaptive,"Auto-scale from 10 to 100,000 instances based on demand",Scale globally without infrastructure complexity
Global CDN,Global-Scale,Global edge network with <50ms latency worldwide,Ensure consistent performance worldwide
Container Orchestration,Container-Native,Kubernetes orchestration with service mesh,Simplify development and reduce time-to-market by 70%
API Management,API-First,API gateway handling 1M+ requests/second,Support unlimited integrations and traffic
Homomorphic Encryption,Military-Grade,Computation on encrypted data without decryption,Enable secure computation on sensitive data
Differential Privacy,Privacy-Preserving,Mathematically proven privacy with epsilon-delta guarantees,Comply with strictest privacy regulations
Zero-Trust Security,Zero-Trust,"Never trust, always verify architecture with micro-segmentation",Prevent security breaches through architecture
Blockchain Audit,Immutable,Immutable audit trail using distributed ledger,Provide complete audit trail for compliance
HIPAA Compliance,Compliant,"Full HIPAA, GDPR, SOX compliance with automated monitoring",Meet all healthcare regulatory requirements
Biometric Authentication,Biometric,"Multi-factor biometric authentication (face, voice, fingerprint)",Eliminate identity fraud and unauthorized access
FHIR Compliance,Standards-Based,Complete FHIR R4 compliance with custom extensions,Eliminate data silos and enable seamless exchange
HL7 Integration,Protocol-Agnostic,Real-time HL7 message processing and transformation,Integrate with any healthcare system or standard
IoT Device Management,IoT-Ready,"Connect and manage 10,000+ IoT medical devices",Transform healthcare IoT data into actionable insights
EHR Integration,Universal,"Bidirectional sync with Epic, Cerner, AllScripts",Unify patient data across all healthcare providers
Wearable Connectivity,Seamless,"Real-time data from Apple Health, Fitbit, Garmin",Integrate patient-generated health data automatically
Third-party APIs,API-Unlimited,1000+ pre-built integrations with healthcare APIs,Connect to any healthcare service or application
AR/VR Interface,Immersive,Immersive 3D anatomical visualization with haptic feedback,Transform medical education and patient understanding
Voice Assistant,Conversational,Natural language voice interface supporting medical dictation,Enable hands-free clinical documentation
Mobile-First Design,Mobile-Native,Progressive web app working offline with sync,"Provide healthcare access anywhere, anytime"
Real-Time Dashboards,Real-Time,Real-time updating dashboards with predictive insights,Empower data-driven clinical decision making
Conversational AI,Intelligent,Context-aware AI assistant understanding medical workflows,Reduce clinician cognitive load by 60%
Personalized UI,Adaptive,Adaptive interface learning user preferences and adjusting,Personalize healthcare experience for each user
