Architecture Type,Scalability,Real-time Processing,AI Capabilities,Data Integration,Privacy & Security,Personalization,Deployment Complexity,Cost,Innovation Level
Traditional Monolithic,Low,No,Basic,Siloed,Standard,None,Simple,Low,1/10
Basic Microservices,Medium,Limited,Moderate,API-based,Enhanced,Basic,Moderate,Medium,3/10
Advanced Cloud-Native,High,Good,Advanced,Unified,Enterprise,Good,Complex,High,6/10
Edge AI Hybrid,Very High,Excellent,Superior,Multi-source,Zero-trust,Excellent,Very Complex,Very High,8/10
GOD LEVEL Multi-Modal AI,Ultimate,Instantaneous,Revolutionary,Omnipresent,Military-grade,Hyper-personalized,Automated,ROI Optimized,10/10
